Company,Year,Computed ROE,Source ROE,Difference
Abbott India Ltd,Dec 2012,22.41,34.9,12.49
Abbott India Ltd,Mar 2014,25.13,34.9,9.77
Abbott India Ltd,Mar 2015,24.44,34.9,10.46
Abbott India Ltd,Mar 2016,21.34,34.9,13.56
Abbott India Ltd,Mar 2017,19.97,34.9,14.93
Abbott India Ltd,Mar 2018,23.69,34.9,11.21
Abbott India Ltd,Mar 2019,22.41,34.9,12.49
Abbott India Ltd,Mar 2020,24.39,34.9,10.51
Abbott India Ltd,Mar 2021,26.56,34.9,8.34
Abbott India Ltd,Mar 2022,28.33,34.9,6.57
Abbott India Ltd,Mar 2023,29.77,34.9,5.13
Adani Energy Solutions Ltd,Mar 2014,0.0,8.59,8.59
Adani Energy Solutions Ltd,Mar 2015,-0.65,8.59,9.24
Adani Energy Solutions Ltd,Mar 2016,13.77,8.59,5.18
Adani Energy Solutions Ltd,Mar 2017,14.12,8.59,5.53
Adani Energy Solutions Ltd,Mar 2018,18.87,8.59,10.28
Adani Energy Solutions Ltd,Mar 2021,14.46,8.59,5.87
Adani Enterprises Ltd,Mar 2013,5.69,13.64,7.95
Adani Enterprises Ltd,Mar 2016,7.47,13.64,6.17
Adani Enterprises Ltd,Mar 2017,6.54,13.64,7.1
Adani Enterprises Ltd,Mar 2018,3.94,13.64,9.7
Adani Enterprises Ltd,Mar 2019,3.43,13.64,10.21
Adani Enterprises Ltd,Mar 2020,6.14,13.64,7.5
Adani Enterprises Ltd,Mar 2021,6.1,13.64,7.54
Adani Enterprises Ltd,Mar 2022,3.54,13.64,10.1
Adani Enterprises Ltd,Mar 2023,7.33,13.64,6.31
Adani Enterprises Ltd,Mar 2024,8.53,13.64,5.11
Adani Green Energy Ltd,Mar 2017,-3.91,14.7,18.61
Adani Green Energy Ltd,Mar 2018,-10.29,14.7,24.99
Adani Green Energy Ltd,Mar 2019,-24.57,14.7,39.27
Adani Green Energy Ltd,Mar 2020,-2.89,14.7,17.59
Adani Green Energy Ltd,Mar 2021,8.27,14.7,6.43
"Adani Ports & Special Economic Zone Ltd
",Mar 2013,25.63,18.1,7.53
"Adani Ports & Special Economic Zone Ltd
",Mar 2022,11.84,18.1,6.26
"Adani Ports & Special Economic Zone Ltd
",Mar 2023,11.88,18.1,6.22
"Adani Ports & Special Economic Zone Ltd
",Mar 2013,25.63,18.1,7.53
"Adani Ports & Special Economic Zone Ltd
",Mar 2022,11.84,18.1,6.26
"Adani Ports & Special Economic Zone Ltd
",Mar 2023,11.88,18.1,6.22
Adani Power Ltd,Mar 2013,-53.46,57.1,110.56
Adani Power Ltd,Mar 2014,-4.45,57.1,61.55
Adani Power Ltd,Mar 2015,-14.25,57.1,71.35
Adani Power Ltd,Mar 2016,7.38,57.1,49.72
Adani Power Ltd,Mar 2017,-205.8,57.1,262.9
Adani Power Ltd,Mar 2018,-236.56,57.1,293.66
Adani Power Ltd,Mar 2019,-12.76,57.1,69.86
Adani Power Ltd,Mar 2020,-35.1,57.1,92.2
Adani Power Ltd,Mar 2021,9.69,57.1,47.41
Adani Power Ltd,Mar 2022,26.61,57.1,30.49
Adani Power Ltd,Mar 2023,35.91,57.1,21.19
Adani Power Ltd,Mar 2024,48.28,57.1,8.82
Ambuja Cements Ltd,Dec 2012,14.69,9.24,5.45
Ambuja Cements Ltd,Dec 2014,14.77,9.24,5.53
Ambuja Cements Ltd,Dec 2021,14.64,9.24,5.4
"Apollo Hospitals
Chain of Indian private hospitals",Mar 2016,7.05,13.81,6.76
"Apollo Hospitals
Chain of Indian private hospitals",Mar 2017,3.95,13.81,9.86
"Apollo Hospitals
Chain of Indian private hospitals",Mar 2018,1.85,13.81,11.96
"Apollo Hospitals
Chain of Indian private hospitals",Mar 2019,6.0,13.81,7.81
"Apollo Hospitals
Chain of Indian private hospitals",Mar 2021,2.98,13.81,10.83
"Apollo Hospitals
Chain of Indian private hospitals",Mar 2022,19.7,13.81,5.89
"Asian Paints
Indian Multi-National Paint and Coating Manufacturing Company",Mar 2018,24.95,31.45,6.5
"Asian Paints
Indian Multi-National Paint and Coating Manufacturing Company",Mar 2018,24.95,31.45,6.5
"Asian Paints
Indian Multi-National Paint and Coating Manufacturing Company",Mar 2019,23.31,31.45,8.14
"Asian Paints
Indian Multi-National Paint and Coating Manufacturing Company",Mar 2019,23.31,31.45,8.14
"Asian Paints
Indian Multi-National Paint and Coating Manufacturing Company",Mar 2021,25.04,31.45,6.41
"Asian Paints
Indian Multi-National Paint and Coating Manufacturing Company",Mar 2021,25.04,31.45,6.41
"Asian Paints
Indian Multi-National Paint and Coating Manufacturing Company",Mar 2022,22.34,31.45,9.11
"Asian Paints
Indian Multi-National Paint and Coating Manufacturing Company",Mar 2022,22.34,31.45,9.11
"Asian Paints
Indian Multi-National Paint and Coating Manufacturing Company",Mar 2023,26.23,31.45,5.22
"Asian Paints
Indian Multi-National Paint and Coating Manufacturing Company",Mar 2023,26.23,31.45,5.22
Adani Total Gas Ltd,Mar 2020,29.64,20.5,9.14
Bajaj Auto Ltd,Mar 2013,38.85,26.5,12.35
Bajaj Auto Ltd,Mar 2014,33.24,26.5,6.74
Bajaj Auto Ltd,Mar 2018,20.66,26.5,5.84
Bajaj Auto Ltd,Mar 2019,21.21,26.5,5.29
Bajaj Auto Ltd,Mar 2021,17.81,26.5,8.69
Bajaj Auto Ltd,Mar 2022,20.65,26.5,5.85
Bajaj Auto Ltd,Mar 2023,20.64,26.5,5.86
Axis Bank Ltd,Mar 2017,6.53,18.4,11.87
Axis Bank Ltd,Mar 2018,0.43,18.4,17.97
Axis Bank Ltd,Mar 2019,6.9,18.4,11.5
Axis Bank Ltd,Mar 2020,1.88,18.4,16.52
Axis Bank Ltd,Mar 2021,6.36,18.4,12.04
Axis Bank Ltd,Mar 2022,11.01,18.4,7.39
Axis Bank Ltd,Mar 2023,7.38,18.4,11.02
Bajaj Finserv Ltd,Mar 2013,28.38,11.72,16.66
Bajaj Finserv Ltd,Mar 2014,23.53,11.72,11.81
Bajaj Finserv Ltd,Mar 2015,21.72,11.72,10.0
Bajaj Finserv Ltd,Mar 2016,20.41,11.72,8.69
Bajaj Finserv Ltd,Mar 2017,21.36,11.72,9.64
Bajaj Finserv Ltd,Mar 2018,20.39,11.72,8.67
Bajaj Finserv Ltd,Mar 2019,22.64,11.72,10.92
Bajaj Finserv Ltd,Mar 2020,19.15,11.72,7.43
Bajaj Finserv Ltd,Mar 2021,20.56,11.72,8.84
Bajaj Finserv Ltd,Mar 2022,20.66,11.72,8.94
Bajaj Finserv Ltd,Mar 2023,26.31,11.72,14.59
Bajaj Finserv Ltd,Mar 2024,25.85,11.72,14.13
Bajaj Holdings & Investment Ltd,Mar 2022,9.63,14.8,5.17
Bajaj Finance Ltd,Mar 2018,15.75,22.1,6.35
Bajaj Finance Ltd,Mar 2020,16.28,22.1,5.82
Bajaj Finance Ltd,Mar 2021,11.97,22.1,10.13
Bajaj Finance Ltd,Mar 2022,16.08,22.1,6.02
Bank of Baroda,Mar 2015,9.4,16.7,7.3
Bank of Baroda,Mar 2016,-11.84,16.7,28.54
Bank of Baroda,Mar 2017,4.31,16.7,12.39
Bank of Baroda,Mar 2018,-3.94,16.7,20.64
Bank of Baroda,Mar 2019,2.12,16.7,14.58
Bank of Baroda,Mar 2020,1.29,16.7,15.41
Bank of Baroda,Mar 2021,1.97,16.7,14.73
Bank of Baroda,Mar 2022,8.64,16.7,8.06
Bharti Airtel Ltd,Mar 2013,4.5,14.9,10.4
Bharti Airtel Ltd,Mar 2014,5.05,14.9,9.85
Bharti Airtel Ltd,Mar 2017,6.29,14.9,8.61
Bharti Airtel Ltd,Mar 2018,3.14,14.9,11.76
Bharti Airtel Ltd,Mar 2019,2.36,14.9,12.54
Bharti Airtel Ltd,Mar 2020,-39.75,14.9,54.65
Bharti Airtel Ltd,Mar 2021,-20.97,14.9,35.87
Bharat Electronics Ltd,Mar 2013,15183.33,26.3,15157.03
Bharat Electronics Ltd,Mar 2014,13600.0,26.3,13573.7
Bharat Electronics Ltd,Mar 2015,17100.0,26.3,17073.7
Bharat Electronics Ltd,Mar 2016,11141.67,26.3,11115.37
Bharat Electronics Ltd,Mar 2017,10153.33,26.3,10127.03
Bharat Electronics Ltd,Mar 2018,4616.13,26.3,4589.83
Bharat Electronics Ltd,Mar 2019,3851.02,26.3,3824.72
Bharat Electronics Ltd,Mar 2020,3318.18,26.3,3291.88
Bharat Electronics Ltd,Mar 2021,3559.32,26.3,3533.02
Bharat Electronics Ltd,Mar 2022,3478.26,26.3,3451.96
Bharat Electronics Ltd,Mar 2023,3981.33,26.3,3955.03
Bharat Electronics Ltd,Mar 2024,4744.05,26.3,4717.75
"Bharat Heavy Electricals Limited
",Mar 2013,21.91,1.05,20.86
"Bharat Heavy Electricals Limited
",Mar 2014,10.56,1.05,9.51
"Bharat Heavy Electricals Limited
",Mar 2020,-5.12,1.05,6.17
"Bharat Heavy Electricals Limited
",Mar 2021,-10.39,1.05,11.44
Bosch Ltd,Mar 2020,7.01,16.0,8.99
Bosch Ltd,Mar 2021,4.91,16.0,11.09
Bharat Petroleum Corporation Ltd,Mar 2013,11.54,41.9,30.36
Bharat Petroleum Corporation Ltd,Mar 2014,20.85,41.9,21.05
Bharat Petroleum Corporation Ltd,Mar 2015,22.52,41.9,19.38
Bharat Petroleum Corporation Ltd,Mar 2016,29.1,41.9,12.8
Bharat Petroleum Corporation Ltd,Mar 2017,30.85,41.9,11.05
Bharat Petroleum Corporation Ltd,Mar 2018,26.74,41.9,15.16
Bharat Petroleum Corporation Ltd,Mar 2019,22.0,41.9,19.9
Bharat Petroleum Corporation Ltd,Mar 2020,10.04,41.9,31.86
Bharat Petroleum Corporation Ltd,Mar 2021,32.34,41.9,9.56
Bharat Petroleum Corporation Ltd,Mar 2022,22.51,41.9,19.39
Bharat Petroleum Corporation Ltd,Mar 2023,3.98,41.9,37.92
Bharat Petroleum Corporation Ltd,Mar 2024,35.51,41.9,6.39
Britannia Industries Ltd,Mar 2013,46.59,57.1,10.51
Britannia Industries Ltd,Mar 2014,49.5,57.1,7.6
Britannia Industries Ltd,Mar 2016,39.44,57.1,17.66
Britannia Industries Ltd,Mar 2017,32.83,57.1,24.27
Britannia Industries Ltd,Mar 2018,29.48,57.1,27.62
Britannia Industries Ltd,Mar 2019,27.16,57.1,29.94
Britannia Industries Ltd,Mar 2020,31.66,57.1,25.44
Britannia Industries Ltd,Mar 2023,65.53,57.1,8.43
Canara Bank,Mar 2013,11.9,17.9,6.0
Canara Bank,Mar 2014,8.85,17.9,9.05
Canara Bank,Mar 2015,9.02,17.9,8.88
Canara Bank,Mar 2016,-7.82,17.9,25.72
Canara Bank,Mar 2017,4.07,17.9,13.83
Canara Bank,Mar 2018,-10.5,17.9,28.4
Canara Bank,Mar 2019,1.85,17.9,16.05
Canara Bank,Mar 2020,-4.66,17.9,22.56
Canara Bank,Mar 2021,4.74,17.9,13.16
Canara Bank,Mar 2022,8.8,17.9,9.1
Cholamandalam Investment & Finance Company Ltd,Mar 2020,12.85,20.2,7.35
"Cipla Ltd
",Mar 2015,11.38,16.8,5.42
"Cipla Ltd
",Mar 2017,8.25,16.8,8.55
"Cipla Ltd
",Mar 2018,9.96,16.8,6.84
"Cipla Ltd
",Mar 2019,9.94,16.8,6.86
"Cipla Ltd
",Mar 2020,9.52,16.8,7.28
Coal India Ltd,Mar 2013,35.81,52.0,16.19
Coal India Ltd,Mar 2014,35.64,52.0,16.36
Coal India Ltd,Mar 2015,34.02,52.0,17.98
Coal India Ltd,Mar 2016,40.96,52.0,11.04
Coal India Ltd,Mar 2017,37.85,52.0,14.15
Coal India Ltd,Mar 2018,34.88,52.0,17.12
Coal India Ltd,Mar 2019,66.01,52.0,14.01
Coal India Ltd,Mar 2021,34.78,52.0,17.22
Coal India Ltd,Mar 2022,40.28,52.0,11.72
Coal India Ltd,Mar 2024,45.17,52.0,6.83
Dabur India Ltd,Mar 2013,36.56,19.2,17.36
Dabur India Ltd,Mar 2014,34.49,19.2,15.29
Dabur India Ltd,Mar 2015,31.84,19.2,12.64
Dabur India Ltd,Mar 2016,30.06,19.2,10.86
Dabur India Ltd,Mar 2017,26.41,19.2,7.21
Dabur India Ltd,Mar 2019,25.67,19.2,6.47
Divis Laboratories Ltd,Mar 2013,24.07,12.2,11.87
Divis Laboratories Ltd,Mar 2014,26.08,12.2,13.88
Divis Laboratories Ltd,Mar 2015,24.37,12.2,12.17
Divis Laboratories Ltd,Mar 2016,26.23,12.2,14.03
Divis Laboratories Ltd,Mar 2017,19.79,12.2,7.59
Divis Laboratories Ltd,Mar 2019,19.45,12.2,7.25
Divis Laboratories Ltd,Mar 2020,18.84,12.2,6.64
Divis Laboratories Ltd,Mar 2021,21.34,12.2,9.14
Divis Laboratories Ltd,Mar 2022,25.24,12.2,13.04
DLF Ltd,Mar 2015,1.85,6.95,5.1
DLF Ltd,Mar 2016,1.27,6.95,5.68
DLF Ltd,Mar 2018,12.68,6.95,5.73
DLF Ltd,Mar 2020,-1.71,6.95,8.66
Avenue Supermarts Ltd,Mar 2016,21.04,14.5,6.54
Avenue Supermarts Ltd,Mar 2021,9.02,14.5,5.48
Dr Reddys Laboratories Ltd,Mar 2017,10.54,21.4,10.86
Dr Reddys Laboratories Ltd,Mar 2018,7.53,21.4,13.87
Dr Reddys Laboratories Ltd,Mar 2019,13.9,21.4,7.5
Dr Reddys Laboratories Ltd,Mar 2020,12.99,21.4,8.41
Dr Reddys Laboratories Ltd,Mar 2021,11.07,21.4,10.33
Dr Reddys Laboratories Ltd,Mar 2022,11.36,21.4,10.04
Eicher Motors Ltd,Mar 2016,36.63,24.2,12.43
Eicher Motors Ltd,Mar 2017,31.19,24.2,6.99
Eicher Motors Ltd,Mar 2020,18.3,24.2,5.9
Eicher Motors Ltd,Mar 2021,11.78,24.2,12.42
Eicher Motors Ltd,Mar 2022,13.3,24.2,10.9
GAIL (India) Ltd,Mar 2016,5.15,14.0,8.85
GAIL (India) Ltd,Mar 2017,8.58,14.0,5.42
GAIL (India) Ltd,Mar 2020,19.31,14.0,5.31
GAIL (India) Ltd,Mar 2022,19.19,14.0,5.19
GAIL (India) Ltd,Mar 2023,8.62,14.0,5.38
Godrej Consumer Products Ltd,Mar 2013,25.51,6.77,18.74
Godrej Consumer Products Ltd,Mar 2014,21.7,6.77,14.93
Godrej Consumer Products Ltd,Mar 2015,22.64,6.77,15.87
Godrej Consumer Products Ltd,Mar 2016,19.48,6.77,12.71
Godrej Consumer Products Ltd,Mar 2017,24.67,6.77,17.9
Godrej Consumer Products Ltd,Mar 2018,26.11,6.77,19.34
Godrej Consumer Products Ltd,Mar 2019,32.23,6.77,25.46
Godrej Consumer Products Ltd,Mar 2020,18.95,6.77,12.18
Godrej Consumer Products Ltd,Mar 2021,18.23,6.77,11.46
Godrej Consumer Products Ltd,Mar 2022,15.43,6.77,8.66
Godrej Consumer Products Ltd,Mar 2023,12.34,6.77,5.57
Godrej Consumer Products Ltd,Mar 2024,-4.45,6.77,11.22
Grasim Industries Ltd,Mar 2013,19.22,6.9,12.32
Grasim Industries Ltd,Mar 2014,13.67,6.9,6.77
Grasim Industries Ltd,Mar 2016,12.6,6.9,5.7
Grasim Industries Ltd,Mar 2017,13.53,6.9,6.63
Grasim Industries Ltd,Mar 2022,14.8,6.9,7.9
Grasim Industries Ltd,Mar 2023,14.07,6.9,7.17
Hindustan Aeronautics Ltd,Mar 2016,1665.0,28.9,1636.1
Hindustan Aeronautics Ltd,Mar 2017,1966.92,28.9,1938.02
Hindustan Aeronautics Ltd,Mar 2018,1528.46,28.9,1499.56
Hindustan Aeronautics Ltd,Mar 2019,1763.91,28.9,1735.01
Hindustan Aeronautics Ltd,Mar 2020,2059.42,28.9,2030.52
Hindustan Aeronautics Ltd,Mar 2021,2249.31,28.9,2220.41
Hindustan Aeronautics Ltd,Mar 2022,3324.18,28.9,3295.28
Hindustan Aeronautics Ltd,Mar 2023,3283.05,28.9,3254.15
Hindustan Aeronautics Ltd,Mar 2024,3816.58,28.9,3787.68
Havells India Ltd,Mar 2013,40.29,18.0,22.29
Havells India Ltd,Mar 2014,26.77,18.0,8.77
Havells India Ltd,Mar 2016,42.95,18.0,24.95
HCL Technologies Ltd,Jun 2013,30.69,23.3,7.39
HCL Technologies Ltd,Jun 2014,33.39,23.3,10.09
HCL Technologies Ltd,Jun 2015,30.31,23.3,7.01
HDFC Life Insurance Company Ltd,Mar 2013,33.43,11.4,22.03
HDFC Life Insurance Company Ltd,Mar 2014,37.6,11.4,26.2
HDFC Life Insurance Company Ltd,Mar 2015,30.93,11.4,19.53
HDFC Life Insurance Company Ltd,Mar 2016,26.33,11.4,14.93
HDFC Life Insurance Company Ltd,Mar 2017,23.18,11.4,11.78
HDFC Life Insurance Company Ltd,Mar 2018,23.53,11.4,12.13
HDFC Life Insurance Company Ltd,Mar 2019,22.65,11.4,11.25
HDFC Life Insurance Company Ltd,Mar 2020,19.05,11.4,7.65
"Hero MotoCorp Ltd
",Mar 2014,37.38,22.0,15.38
"Hero MotoCorp Ltd
",Mar 2015,36.15,22.0,14.15
"Hero MotoCorp Ltd
",Mar 2016,35.23,22.0,13.23
"Hero MotoCorp Ltd
",Mar 2017,34.37,22.0,12.37
"Hero MotoCorp Ltd
",Mar 2018,31.09,22.0,9.09
"Hero MotoCorp Ltd
",Mar 2022,14.7,22.0,7.3
"Hero MotoCorp Ltd
",Mar 2023,16.81,22.0,5.19
Hindalco Industries Ltd,Mar 2015,0.68,10.2,9.52
Hindalco Industries Ltd,Mar 2016,-1.73,10.2,11.93
Hindalco Industries Ltd,Mar 2017,4.09,10.2,6.11
Hindalco Industries Ltd,Mar 2022,17.56,10.2,7.36
"Hindustan Unilever Ltd
",Mar 2013,134.0,20.2,113.8
"Hindustan Unilever Ltd
",Mar 2014,111.85,20.2,91.65
"Hindustan Unilever Ltd
",Mar 2015,108.67,20.2,88.47
"Hindustan Unilever Ltd
",Mar 2016,63.15,20.2,42.95
"Hindustan Unilever Ltd
",Mar 2017,66.58,20.2,46.38
"Hindustan Unilever Ltd
",Mar 2018,71.79,20.2,51.59
"Hindustan Unilever Ltd
",Mar 2019,77.03,20.2,56.83
"Hindustan Unilever Ltd
",Mar 2020,82.1,20.2,61.9
ICICI Bank Ltd,Mar 2016,11.61,18.8,7.19
ICICI Bank Ltd,Mar 2017,10.84,18.8,7.96
ICICI Bank Ltd,Mar 2018,8.23,18.8,10.57
ICICI Bank Ltd,Mar 2019,4.98,18.8,13.82
ICICI Bank Ltd,Mar 2020,9.13,18.8,9.67
ICICI Bank Ltd,Mar 2021,12.92,18.8,5.88
ICICI Prudential Life Insurance Company Ltd,Mar 2013,38.25,8.07,30.18
ICICI Prudential Life Insurance Company Ltd,Mar 2014,35.61,8.07,27.54
ICICI Prudential Life Insurance Company Ltd,Mar 2015,31.15,8.07,23.08
ICICI Prudential Life Insurance Company Ltd,Mar 2016,31.0,8.07,22.93
ICICI Prudential Life Insurance Company Ltd,Mar 2017,26.26,8.07,18.19
ICICI Prudential Life Insurance Company Ltd,Mar 2018,24.63,8.07,16.56
ICICI Prudential Life Insurance Company Ltd,Mar 2019,16.58,8.07,8.51
ICICI Prudential Life Insurance Company Ltd,Mar 2020,14.79,8.07,6.72
IndusInd Bank Ltd,Mar 2021,6.54,15.2,8.66
IndusInd Bank Ltd,Mar 2022,9.67,15.2,5.53
Infosys Ltd,Mar 2013,24.82,31.8,6.98
Infosys Ltd,Mar 2014,23.93,31.8,7.87
Infosys Ltd,Mar 2015,24.39,31.8,7.41
Infosys Ltd,Mar 2016,21.85,31.8,9.95
Infosys Ltd,Mar 2017,20.81,31.8,10.99
Infosys Ltd,Mar 2018,24.69,31.8,7.11
Infosys Ltd,Mar 2019,23.73,31.8,8.07
Infosys Ltd,Mar 2020,25.42,31.8,6.38
Infosys Ltd,Mar 2021,25.44,31.8,6.36
"Indian Oil Corporation
",Mar 2013,5.75,25.44,19.69
"Indian Oil Corporation
",Mar 2014,10.26,25.44,15.18
"Indian Oil Corporation
",Mar 2015,7.08,25.44,18.36
"Indian Oil Corporation
",Mar 2016,13.8,25.44,11.64
"Indian Oil Corporation
",Mar 2017,19.97,25.44,5.47
"Indian Oil Corporation
",Mar 2018,19.87,25.44,5.57
"Indian Oil Corporation
",Mar 2019,15.36,25.44,10.08
"Indian Oil Corporation
",Mar 2020,-1.97,25.44,27.41
"Indian Oil Corporation
",Mar 2021,19.46,25.44,5.98
"Indian Oil Corporation
",Mar 2022,19.27,25.44,6.17
"Indian Oil Corporation
",Mar 2023,8.38,25.44,17.06
Indian Railway Catering & Tourism Corporation Ltd,Mar 2015,29.5,40.4,10.9
Indian Railway Catering & Tourism Corporation Ltd,Mar 2016,34.87,40.4,5.53
Indian Railway Catering & Tourism Corporation Ltd,Mar 2017,29.1,40.4,11.3
Indian Railway Catering & Tourism Corporation Ltd,Mar 2018,23.14,40.4,17.26
Indian Railway Catering & Tourism Corporation Ltd,Mar 2019,28.85,40.4,11.55
Indian Railway Catering & Tourism Corporation Ltd,Mar 2021,12.84,40.4,27.56
Indian Railway Catering & Tourism Corporation Ltd,Mar 2022,35.29,40.4,5.11
Indian Railway Catering & Tourism Corporation Ltd,Mar 2024,34.4,40.4,6.0
Indian Railway Finance Corporation Ltd,Mar 2013,8.16,13.7,5.54
Indian Railway Finance Corporation Ltd,Mar 2016,7.37,13.7,6.33
Indian Railway Finance Corporation Ltd,Mar 2017,7.78,13.7,5.92
"ITC Ltd
",Mar 2016,22.26,29.47,7.21
"ITC Ltd
",Mar 2017,22.57,29.47,6.9
"ITC Ltd
",Mar 2018,21.89,29.47,7.58
"ITC Ltd
",Mar 2019,21.7,29.47,7.77
"ITC Ltd
",Mar 2020,23.89,29.47,5.58
"ITC Ltd
",Mar 2021,22.18,29.47,7.29
Jindal Steel & Power Ltd,Mar 2014,8.39,14.1,5.71
Jindal Steel & Power Ltd,Mar 2015,-6.9,14.1,21.0
Jindal Steel & Power Ltd,Mar 2016,-9.52,14.1,23.62
Jindal Steel & Power Ltd,Mar 2017,-8.45,14.1,22.55
Jindal Steel & Power Ltd,Mar 2018,-5.32,14.1,19.42
Jindal Steel & Power Ltd,Mar 2019,-7.52,14.1,21.62
Jindal Steel & Power Ltd,Mar 2020,-1.24,14.1,15.34
JSW Energy Ltd,Mar 2013,14.52,8.4,6.12
JSW Energy Ltd,Mar 2015,18.06,8.4,9.66
JSW Energy Ltd,Mar 2016,15.05,8.4,6.65
JSW Energy Ltd,Mar 2018,0.77,8.4,7.63
JSW Steel Ltd,Mar 2013,5.44,11.66,6.22
JSW Steel Ltd,Mar 2014,1.9,11.66,9.76
JSW Steel Ltd,Mar 2016,-2.54,11.66,14.2
JSW Steel Ltd,Mar 2018,21.83,11.66,10.17
JSW Steel Ltd,Mar 2019,21.62,11.66,9.96
JSW Steel Ltd,Mar 2021,16.84,11.66,5.18
JSW Steel Ltd,Mar 2022,31.11,11.66,19.45
JSW Steel Ltd,Mar 2023,6.3,11.66,5.36
Life Insurance Corporation of India,Mar 2019,324.32,63.61,260.71
Life Insurance Corporation of India,Mar 2020,270.46,63.61,206.85
Life Insurance Corporation of India,Mar 2021,43.2,63.61,20.41
Life Insurance Corporation of India,Mar 2022,36.38,63.61,27.23
Life Insurance Corporation of India,Mar 2023,77.86,63.61,14.25
Life Insurance Corporation of India,Mar 2024,49.45,63.61,14.16
Macrotech Developers Ltd,Mar 2011,35.48,10.7,24.78
Macrotech Developers Ltd,Mar 2012,33.84,10.7,23.14
Macrotech Developers Ltd,Mar 2015,24.23,10.7,13.53
Macrotech Developers Ltd,Mar 2016,17.69,10.7,6.99
Macrotech Developers Ltd,Mar 2019,42.8,10.7,32.1
Macrotech Developers Ltd,Mar 2020,16.3,10.7,5.6
Macrotech Developers Ltd,Mar 2021,1.04,10.7,9.66
Macrotech Developers Ltd,Mar 2023,3.87,10.7,6.83
Larsen & Toubro Ltd,Mar 2013,395.15,10.49,384.66
Larsen & Toubro Ltd,Mar 2014,303.42,10.49,292.93
Larsen & Toubro Ltd,Mar 2015,245.11,10.49,234.62
Larsen & Toubro Ltd,Mar 2016,216.09,10.49,205.6
Larsen & Toubro Ltd,Mar 2017,206.3,10.49,195.81
Larsen & Toubro Ltd,Mar 2018,207.36,10.49,196.87
Larsen & Toubro Ltd,Mar 2019,208.81,10.49,198.32
Larsen & Toubro Ltd,Mar 2020,201.59,10.49,191.1
Larsen & Toubro Ltd,Mar 2021,176.9,10.49,166.41
Larsen & Toubro Ltd,Mar 2022,72.92,10.49,62.43
Larsen & Toubro Ltd,Mar 2023,75.52,10.49,65.03
Larsen & Toubro Ltd,Mar 2024,77.67,10.49,67.18
LTIMindtree Ltd,Mar 2013,41.97,26.04,15.93
LTIMindtree Ltd,Mar 2014,61.86,26.04,35.82
LTIMindtree Ltd,Mar 2015,37.96,26.04,11.92
LTIMindtree Ltd,Mar 2016,39.34,26.04,13.3
"Mahindra & Mahindra Ltd
",Mar 2020,-0.8,17.99,18.79
"Mahindra & Mahindra Ltd
",Mar 2021,3.64,17.99,14.35
Maruti Suzuki India Ltd,Mar 2021,8.36,15.75,7.39
Maruti Suzuki India Ltd,Mar 2022,7.01,15.75,8.74
Samvardhana Motherson International Ltd,Mar 2013,19.75,11.8,7.95
Samvardhana Motherson International Ltd,Mar 2014,37.07,11.8,25.27
Samvardhana Motherson International Ltd,Mar 2015,38.87,11.8,27.07
Samvardhana Motherson International Ltd,Mar 2016,40.35,11.8,28.55
Samvardhana Motherson International Ltd,Mar 2017,26.26,11.8,14.46
Samvardhana Motherson International Ltd,Mar 2018,22.87,11.8,11.07
Samvardhana Motherson International Ltd,Mar 2019,19.14,11.8,7.34
Samvardhana Motherson International Ltd,Mar 2022,5.74,11.8,6.06
Info Edge (India) Ltd,Mar 2013,12.5,2.44,10.06
Info Edge (India) Ltd,Mar 2014,8.93,2.44,6.49
Info Edge (India) Ltd,Mar 2016,7.65,2.44,5.21
Info Edge (India) Ltd,Mar 2017,-2.7,2.44,5.14
Info Edge (India) Ltd,Mar 2018,24.5,2.44,22.06
Info Edge (India) Ltd,Mar 2019,23.28,2.44,20.84
Info Edge (India) Ltd,Mar 2020,-11.21,2.44,13.65
Info Edge (India) Ltd,Mar 2021,26.28,2.44,23.84
Info Edge (India) Ltd,Mar 2022,74.71,2.44,72.27
Nestle India Ltd,Dec 2013,47.17,135.61,88.44
Nestle India Ltd,Dec 2014,41.77,135.61,93.84
Nestle India Ltd,Dec 2015,19.99,135.61,115.62
Nestle India Ltd,Dec 2016,30.5,135.61,105.11
Nestle India Ltd,Dec 2017,35.82,135.61,99.79
Nestle India Ltd,Dec 2018,43.75,135.61,91.86
Nestle India Ltd,Dec 2019,102.61,135.61,33.0
Nestle India Ltd,Dec 2020,103.12,135.61,32.49
Nestle India Ltd,Dec 2021,108.84,135.61,26.77
Nestle India Ltd,Dec 2022,97.23,135.61,38.38
Nestle India Ltd,Dec 2023,121.96,135.61,13.65
Nestle India Ltd,Mar 2024,117.75,135.61,17.86
Oil & Natural Gas Corpn Ltd,Mar 2016,6.62,14.32,7.7
Oil & Natural Gas Corpn Ltd,Mar 2020,5.59,14.32,8.73
Power Finance Corporation Ltd,Mar 2017,6.07,19.49,13.42
Power Finance Corporation Ltd,Mar 2019,26.82,19.49,7.33
Power Finance Corporation Ltd,Mar 2021,25.86,19.49,6.37
Power Finance Corporation Ltd,Mar 2022,26.18,19.49,6.69
Power Finance Corporation Ltd,Mar 2023,25.17,19.49,5.68
Power Finance Corporation Ltd,Mar 2024,26.16,19.49,6.67
Pidilite Industries Ltd,Mar 2016,30.59,22.8,7.79
Punjab National Bank,Mar 2013,812.3,8.7,803.6
Punjab National Bank,Mar 2013,812.3,8.7,803.6
Punjab National Bank,Mar 2013,812.3,8.7,803.6
Punjab National Bank,Mar 2013,812.3,8.7,803.6
Punjab National Bank,Mar 2013,812.3,8.7,803.6
Punjab National Bank,Mar 2014,393.36,8.7,384.66
Punjab National Bank,Mar 2014,393.36,8.7,384.66
Punjab National Bank,Mar 2014,393.36,8.7,384.66
Punjab National Bank,Mar 2014,393.36,8.7,384.66
Punjab National Bank,Mar 2014,393.36,8.7,384.66
Punjab National Bank,Mar 2015,223.24,8.7,214.54
Punjab National Bank,Mar 2015,223.24,8.7,214.54
Punjab National Bank,Mar 2015,223.24,8.7,214.54
Punjab National Bank,Mar 2015,223.24,8.7,214.54
Punjab National Bank,Mar 2015,223.24,8.7,214.54
Punjab National Bank,Mar 2016,-163.56,8.7,172.26
Punjab National Bank,Mar 2016,-163.56,8.7,172.26
Punjab National Bank,Mar 2016,-163.56,8.7,172.26
Punjab National Bank,Mar 2016,-163.56,8.7,172.26
Punjab National Bank,Mar 2016,-163.56,8.7,172.26
Punjab National Bank,Mar 2017,22.21,8.7,13.51
Punjab National Bank,Mar 2017,22.21,8.7,13.51
Punjab National Bank,Mar 2017,22.21,8.7,13.51
Punjab National Bank,Mar 2017,22.21,8.7,13.51
Punjab National Bank,Mar 2017,22.21,8.7,13.51
Punjab National Bank,Mar 2018,-184.37,8.7,193.07
Punjab National Bank,Mar 2018,-184.37,8.7,193.07
Punjab National Bank,Mar 2018,-184.37,8.7,193.07
Punjab National Bank,Mar 2018,-184.37,8.7,193.07
Punjab National Bank,Mar 2018,-184.37,8.7,193.07
Punjab National Bank,Mar 2019,-128.45,8.7,137.15
Punjab National Bank,Mar 2019,-128.45,8.7,137.15
Punjab National Bank,Mar 2019,-128.45,8.7,137.15
Punjab National Bank,Mar 2019,-128.45,8.7,137.15
Punjab National Bank,Mar 2019,-128.45,8.7,137.15
Punjab National Bank,Mar 2021,30.39,8.7,21.69
Punjab National Bank,Mar 2021,30.39,8.7,21.69
Punjab National Bank,Mar 2021,30.39,8.7,21.69
Punjab National Bank,Mar 2021,30.39,8.7,21.69
Punjab National Bank,Mar 2021,30.39,8.7,21.69
Punjab National Bank,Mar 2022,39.87,8.7,31.17
Punjab National Bank,Mar 2022,39.87,8.7,31.17
Punjab National Bank,Mar 2022,39.87,8.7,31.17
Punjab National Bank,Mar 2022,39.87,8.7,31.17
Punjab National Bank,Mar 2022,39.87,8.7,31.17
Punjab National Bank,Mar 2023,30.67,8.7,21.97
Punjab National Bank,Mar 2023,30.67,8.7,21.97
Punjab National Bank,Mar 2023,30.67,8.7,21.97
Punjab National Bank,Mar 2023,30.67,8.7,21.97
Punjab National Bank,Mar 2023,30.67,8.7,21.97
Punjab National Bank,Mar 2024,61.32,8.7,52.62
Punjab National Bank,Mar 2024,61.32,8.7,52.62
Punjab National Bank,Mar 2024,61.32,8.7,52.62
Punjab National Bank,Mar 2024,61.32,8.7,52.62
Punjab National Bank,Mar 2024,61.32,8.7,52.62
Power Grid Corporation of India Ltd,Mar 2014,13.11,19.0,5.89
Power Grid Corporation of India Ltd,Mar 2014,13.11,19.0,5.89
Power Grid Corporation of India Ltd,Mar 2015,13.13,19.0,5.87
Power Grid Corporation of India Ltd,Mar 2015,13.13,19.0,5.87
Power Grid Corporation of India Ltd,Mar 2016,13.55,19.0,5.45
Power Grid Corporation of India Ltd,Mar 2016,13.55,19.0,5.45
REC Ltd,Mar 2018,13.66,22.2,8.54
REC Ltd,Mar 2019,16.62,22.2,5.58
REC Ltd,Mar 2020,14.05,22.2,8.15
SBI Life Insurance Company Ltd,Mar 2013,23.03,12.0,11.03
SBI Life Insurance Company Ltd,Mar 2014,21.69,12.0,9.69
SBI Life Insurance Company Ltd,Mar 2015,20.09,12.0,8.09
SBI Life Insurance Company Ltd,Mar 2016,17.83,12.0,5.83
SBI Life Insurance Company Ltd,Mar 2017,17.2,12.0,5.2
SBI Life Insurance Company Ltd,Mar 2018,17.62,12.0,5.62
SBI Life Insurance Company Ltd,Mar 2019,17.52,12.0,5.52
Shree Cement Ltd,Jun 2013,26.12,12.2,13.92
Shree Cement Ltd,Mar 2017,17.39,12.2,5.19
"Shriram Finance Ltd
",Mar 2022,10.43,15.9,5.47
Siemens Ltd,Sep 2014,13.78,19.1,5.32
Siemens Ltd,Sep 2016,42.83,19.1,23.73
Siemens Ltd,Sep 2018,10.86,19.1,8.24
Siemens Ltd,Sep 2019,12.14,19.1,6.96
Siemens Ltd,Sep 2020,8.1,19.1,11.0
Siemens Ltd,Sep 2021,10.52,19.1,8.58
Siemens Ltd,Sep 2022,13.29,19.1,5.81
Sun Pharmaceuticals Industries Ltd,Mar 2013,23.14,16.7,6.44
Sun Pharmaceuticals Industries Ltd,Mar 2018,6.63,16.7,10.07
Sun Pharmaceuticals Industries Ltd,Mar 2019,7.75,16.7,8.95
Sun Pharmaceuticals Industries Ltd,Mar 2020,9.22,16.7,7.48
Sun Pharmaceuticals Industries Ltd,Mar 2021,4.89,16.7,11.81
Sun Pharmaceuticals Industries Ltd,Mar 2022,7.06,16.7,9.64
Tata Consumer Products Ltd,Mar 2016,-0.59,8.32,8.91
Tata Motors Ltd,Mar 2013,26.51,49.4,22.89
Tata Motors Ltd,Mar 2014,21.42,49.4,27.98
Tata Motors Ltd,Mar 2015,25.01,49.4,24.39
Tata Motors Ltd,Mar 2016,14.79,49.4,34.61
Tata Motors Ltd,Mar 2017,13.02,49.4,36.38
Tata Motors Ltd,Mar 2018,9.53,49.4,39.87
Tata Motors Ltd,Mar 2019,-47.73,49.4,97.13
Tata Motors Ltd,Mar 2020,-18.98,49.4,68.38
Tata Motors Ltd,Mar 2021,-24.25,49.4,73.65
Tata Motors Ltd,Mar 2022,-25.38,49.4,74.78
Tata Motors Ltd,Mar 2023,5.94,49.4,43.46
Tata Motors Ltd,Mar 2024,37.46,49.4,11.94
"Tata Power Company Ltd
",Mar 2013,1.0,11.3,10.3
"Tata Power Company Ltd
",Mar 2014,0.1,11.3,11.2
"Tata Power Company Ltd
",Mar 2015,3.19,11.3,8.11
"Tata Steel Ltd
",Mar 2013,-21.28,6.55,27.83
"Tata Steel Ltd
",Mar 2015,-12.56,6.55,19.11
"Tata Steel Ltd
",Mar 2016,-1.14,6.55,7.69
"Tata Steel Ltd
",Mar 2017,-11.02,6.55,17.57
"Tata Steel Ltd
",Mar 2018,29.15,6.55,22.6
"Tata Steel Ltd
",Mar 2019,13.23,6.55,6.68
"Tata Steel Ltd
",Mar 2022,36.48,6.55,29.93
"Tata Steel Ltd
",Mar 2024,-5.33,6.55,11.88
Tata Consultancy Services Ltd,Mar 2013,36.52,0.52,36.0
Tata Consultancy Services Ltd,Mar 2014,39.3,0.52,38.78
Tata Consultancy Services Ltd,Mar 2015,39.62,0.52,39.1
Tata Consultancy Services Ltd,Mar 2016,34.24,0.52,33.72
Tata Consultancy Services Ltd,Mar 2017,30.57,0.52,30.05
Tata Consultancy Services Ltd,Mar 2018,30.4,0.52,29.88
Tata Consultancy Services Ltd,Mar 2019,35.29,0.52,34.77
Tata Consultancy Services Ltd,Mar 2020,38.57,0.52,38.05
Tata Consultancy Services Ltd,Mar 2021,37.67,0.52,37.15
Tata Consultancy Services Ltd,Mar 2022,43.13,0.52,42.61
Tata Consultancy Services Ltd,Mar 2023,46.78,0.52,46.26
Tata Consultancy Services Ltd,Mar 2024,50.94,0.52,50.42
Tech Mahindra Ltd,Mar 2013,24.09,8.63,15.46
Tech Mahindra Ltd,Mar 2013,24.09,8.63,15.46
Tech Mahindra Ltd,Mar 2014,33.35,8.63,24.72
Tech Mahindra Ltd,Mar 2014,33.35,8.63,24.72
Tech Mahindra Ltd,Mar 2015,21.71,8.63,13.08
Tech Mahindra Ltd,Mar 2015,21.71,8.63,13.08
Tech Mahindra Ltd,Mar 2016,20.75,8.63,12.12
Tech Mahindra Ltd,Mar 2016,20.75,8.63,12.12
Tech Mahindra Ltd,Mar 2017,17.35,8.63,8.72
Tech Mahindra Ltd,Mar 2017,17.35,8.63,8.72
Tech Mahindra Ltd,Mar 2018,20.09,8.63,11.46
Tech Mahindra Ltd,Mar 2018,20.09,8.63,11.46
Tech Mahindra Ltd,Mar 2019,21.14,8.63,12.51
Tech Mahindra Ltd,Mar 2019,21.14,8.63,12.51
Tech Mahindra Ltd,Mar 2020,17.87,8.63,9.24
Tech Mahindra Ltd,Mar 2020,17.87,8.63,9.24
Tech Mahindra Ltd,Mar 2021,17.51,8.63,8.88
Tech Mahindra Ltd,Mar 2021,17.51,8.63,8.88
Tech Mahindra Ltd,Mar 2022,20.94,8.63,12.31
Tech Mahindra Ltd,Mar 2022,20.94,8.63,12.31
Tech Mahindra Ltd,Mar 2023,17.39,8.63,8.76
Tech Mahindra Ltd,Mar 2023,17.39,8.63,8.76
"Titan Company Ltd
",Mar 2015,26.46,32.9,6.44
"Titan Company Ltd
",Mar 2016,19.25,32.9,13.65
"Titan Company Ltd
",Mar 2017,16.47,32.9,16.43
"Titan Company Ltd
",Mar 2018,21.65,32.9,11.25
"Titan Company Ltd
",Mar 2019,22.88,32.9,10.02
"Titan Company Ltd
",Mar 2020,22.39,32.9,10.51
"Titan Company Ltd
",Mar 2021,12.99,32.9,19.91
"Titan Company Ltd
",Mar 2022,23.63,32.9,9.27
"Titan Company Ltd
",Mar 2023,27.63,32.9,5.27
Torrent Pharmaceuticals Ltd,Mar 2013,30.59,24.2,6.39
Torrent Pharmaceuticals Ltd,Mar 2014,34.89,24.2,10.69
Torrent Pharmaceuticals Ltd,Mar 2015,30.15,24.2,5.95
Torrent Pharmaceuticals Ltd,Mar 2016,49.6,24.2,25.4
Torrent Pharmaceuticals Ltd,Mar 2018,14.67,24.2,9.53
Torrent Pharmaceuticals Ltd,Mar 2019,9.23,24.2,14.97
Torrent Pharmaceuticals Ltd,Mar 2022,13.05,24.2,11.15
Trent Ltd,Mar 2013,-2.19,27.2,29.39
Trent Ltd,Mar 2014,-1.92,27.2,29.12
Trent Ltd,Mar 2015,9.07,27.2,18.13
Trent Ltd,Mar 2016,3.76,27.2,23.44
Trent Ltd,Mar 2017,5.49,27.2,21.71
Trent Ltd,Mar 2018,5.45,27.2,21.75
Trent Ltd,Mar 2019,5.77,27.2,21.43
Trent Ltd,Mar 2020,4.44,27.2,22.76
Trent Ltd,Mar 2021,-7.83,27.2,35.03
Trent Ltd,Mar 2022,1.48,27.2,25.72
Trent Ltd,Mar 2023,15.18,27.2,12.02
Trent Ltd,Mar 2024,36.31,27.2,9.11
